modelo,hp,polos,tension,disponibles,manual
EP2002,200,2,460,2,143-449
EP2004,200,4,460,4,143-449
EP2006,200,6,460,2,143-449
EP2504,250,4,460,1,143-449
EP2506,250,6,460,2,143-449
EP3002,300,2,460,5,143-449
EP3004,300,4,460,3,143-449
KPF2006,200,6,2300/4160,2,5000
KPF2506R,250,6,2300/4160,6,5000
KPF3002,300,2,2300/4160,1,5000
KPF3004,300,4,2300/4160,14,5000
KPF3502,350,2,2300/4160,7,5000
KPF3504,350,4,2300/4160,6,5000
KPF3506,350,6,2300/4160,2,5000
KPF4004,400,4,2300/4160,2,5000
KPF4006,400,6,2300/4160,3,5000
KPF4008,400,8,2300/4160,4,5000
KPF4502,450,2,2300/4160,9,5000
KPF4504,450,4,2300/4160,3,5000
KPF4508,450,8,2300/4160,3,5000
KPF5002,500,2,2300/4160,7,5000
KPF5004,500,4,2300/4160,1,5000
KPF5006,500,6,2300/4160,3,5000
KPF5008,500,8,2300/4160,4,5000
KPF6002,600,2,2300/4160,2,5000
KPF6004,600,4,2300/4160,1,5000
KPF7002,700,2,2300/4160,4,5000
KPF7004,700,4,2300/4160,12,5000
KPF7008,700,8,2300/4160,1,5000
KPF8002,800,2,2300/4160,19,5000
KPF8004,800,4,2300/4160,2,5000
KPF8006,800,6,2300/4160,3,5000
KPF8008,800,8,2300/4160,4,5000
KPF9002,900,2,2300/4160,1,5000
KPF9004,900,4,2300/4160,3,5000
KPF9006,900,6,2300/4160,1,5000
KPF10006,1000,6,2300/4160,3,5000
KPF17504,1750,4,2300/4160,3,5000
KPF17506,1750,6,2300/4160,1,5000
